city,latitude,longitude,max temp (F),humidity,cloudiness,windspeed,country,date
Benalla,-36.55,145.98,48.99,70,40,11.41,AU,1596503427
Atuona,-9.8,-139.03,79.36,72,0,13.44,PF,1596503427
Jamestown,42.1,-79.24,66.0,93,90,1.54,US,1596503427
Wuhu,31.34,118.38,84.2,79,75,8.95,CN,1596503427
Bonavista,48.65,-53.11,68.0,72,43,15.01,CA,1596503313
Sechura,-5.56,-80.82,62.73,79,0,16.93,PE,1596503428
Hithadhoo,-0.6,73.08,81.73,79,100,11.92,MV,1596503428
Puerto Ayora,-0.74,-90.35,68.0,95,99,3.0,EC,1596503428
Lebu,-37.62,-73.65,51.58,95,96,9.06,CL,1596503246
Margate,51.38,1.39,61.0,79,54,3.58,GB,1596503231
Airai,-8.93,125.41,68.7,55,24,2.35,TL,1596503298
Mataura,-46.19,168.86,56.39,53,57,8.03,NZ,1596503236
Sal Rei,16.18,-22.92,78.8,83,75,14.99,CV,1596503429
Teguise,29.06,-13.56,73.4,78,0,28.86,ES,1596503429
Muravlenko,63.79,74.52,67.28,81,40,4.88,RU,1596503430
Chernyshevskiy,63.01,112.47,67.23,54,92,8.37,RU,1596503430
Cidreira,-30.18,-50.21,62.47,74,0,8.23,BR,1596503430
Ushuaia,-54.8,-68.3,41.0,60,18,4.7,AR,1596503272
Nouadhibou,20.93,-17.03,71.6,88,0,13.87,MR,1596503320
Esperance,-33.87,121.9,48.2,100,90,5.82,AU,1596503239
Saint Paul Harbor,57.79,-152.41,55.4,93,90,18.34,US,1596503431
Opuwo,-18.06,13.84,54.48,36,0,6.62,NA,1596503431
Albany,42.6,-73.97,78.01,58,100,1.48,US,1596503431
Trairi,-3.28,-39.27,78.35,80,99,13.13,BR,1596503300
Aitape,-3.14,142.35,85.91,65,100,3.78,PG,1596503432
Bluff,-46.6,168.33,51.75,71,100,12.88,NZ,1596503230
San Cristobal,7.77,-72.22,67.73,89,100,5.32,VE,1596503260
Powell River,49.85,-124.54,69.8,73,75,9.17,CA,1596503433
Hilo,19.73,-155.09,84.2,62,40,12.75,US,1596503143
Hermanus,-34.42,19.23,55.0,95,100,3.0,ZA,1596503433
Rikitea,-23.12,-134.97,73.29,85,6,16.08,PF,1596503434
Dikson,73.51,80.55,53.1,96,100,28.9,RU,1596503434
Mar del Plata,-38.0,-57.56,55.99,100,90,6.93,AR,1596503194
Cherskiy,68.75,161.3,50.85,63,100,12.95,RU,1596503435
Dixon,38.45,-121.82,97.0,28,1,9.17,US,1596503401
Gamba,-2.65,10.0,70.68,84,2,5.64,GA,1596503435
Fortuna,40.6,-124.16,66.0,83,99,3.0,US,1596503435
Tekkali,18.62,84.23,79.9,85,100,7.94,IN,1596503436
Ponta do Sol,32.67,-17.1,69.01,69,41,3.18,PT,1596503436
George Town,5.41,100.34,82.4,83,20,6.93,MY,1596503436
Vanimo,-2.67,141.3,85.75,65,78,6.13,PG,1596503436
Udimskiy,61.14,45.91,53.42,97,99,6.96,RU,1596503436
Cayenne,4.93,-52.33,75.2,100,97,6.69,GF,1596503437
San Patricio,19.22,-104.7,84.2,83,75,5.82,MX,1596503437
Busselton,-33.65,115.33,55.99,82,81,21.18,AU,1596503437
Olkhovka,53.21,60.61,67.62,62,0,8.93,RU,1596503437
Hasaki,35.73,140.83,88.0,70,40,3.36,JP,1596503438
Vaini,-21.2,-175.2,77.0,73,75,11.41,TO,1596503438
Butaritari,3.07,172.79,83.53,73,2,15.55,KI,1596503238
Kavieng,-2.57,150.8,84.72,75,79,10.58,PG,1596503438
Tual,-5.67,132.75,78.17,84,20,17.81,ID,1596503439
Punta Arenas,-53.15,-70.92,39.2,76,11,20.8,CL,1596503237
Chifeng,42.27,118.96,79.12,41,0,13.58,CN,1596503150
Dingle,11.0,122.67,83.98,77,100,5.53,PH,1596503439
Port Lincoln,-34.73,135.87,51.51,59,2,16.91,AU,1596503440
Carnarvon,-24.87,113.63,64.4,59,90,10.29,AU,1596503258
Castro,-24.79,-50.01,53.56,83,0,4.27,BR,1596503246
Khatanga,71.97,102.5,71.08,61,49,6.76,RU,1596503236
Nikkō,36.75,139.62,80.6,78,40,2.24,JP,1596503440
Hobart,-42.88,147.33,42.01,80,75,9.17,AU,1596503190
Starosubkhangulovo,53.1,57.44,69.73,55,96,9.82,RU,1596503441
Safi,32.3,-9.24,69.35,87,4,11.43,MA,1596503206
Cape Town,-33.93,18.42,57.0,93,75,3.36,ZA,1596503441
Nikolskoye,59.7,30.79,57.2,87,100,4.47,RU,1596503254
Pangody,65.85,74.49,62.37,77,100,10.8,RU,1596503442
Kapaa,22.08,-159.32,84.2,66,1,13.87,US,1596503232
Shīeli,44.17,66.75,78.48,27,0,6.29,KZ,1596503442
San Antonio,29.42,-98.49,79.0,100,90,9.17,US,1596503412
Lompoc,34.64,-120.46,72.0,56,0,16.11,US,1596503248
Kaitangata,-46.28,169.85,54.05,71,100,4.97,NZ,1596503443
Port Alfred,-33.59,26.89,59.59,83,18,15.05,ZA,1596503443
Saint-Philippe,-21.36,55.77,68.0,64,90,24.16,RE,1596503444
Bethel,41.37,-73.41,77.0,73,1,3.44,US,1596503430
Severo-Kuril'sk,50.68,156.12,56.16,81,100,4.85,RU,1596503230
Lüderitz,-26.65,15.16,57.2,82,0,13.87,NA,1596503444
Qaanaaq,77.48,-69.36,30.54,94,45,2.06,GL,1596503445
Hambantota,6.12,81.12,78.8,100,40,6.93,LK,1596503445
Saskylakh,71.92,114.08,72.86,50,100,3.53,RU,1596503445
Maturin,9.75,-63.18,75.02,93,100,4.5,VE,1596503445
Maningrida,-12.07,134.27,81.19,51,0,6.73,AU,1596503146
East London,-33.02,27.91,61.83,81,8,12.41,ZA,1596503446
Tiksi,71.69,128.87,44.89,76,0,9.1,RU,1596503446
Tiparak,8.03,123.53,85.86,70,83,0.96,PH,1596503447
Coyhaique,-45.58,-72.07,39.2,86,75,2.24,CL,1596503447
Port Elizabeth,-33.92,25.57,57.2,82,20,8.05,ZA,1596503447
Sabha,27.04,14.43,83.08,16,0,10.65,LY,1596503447
Qaqortoq,60.72,-46.03,46.4,87,100,4.7,GL,1596503448
Ilulissat,69.22,-51.1,44.6,75,98,3.36,GL,1596503337
Pisco,-13.7,-76.22,62.6,77,90,6.93,PE,1596503246
Faya,18.39,42.45,66.2,88,94,4.7,SA,1596503448
Verkhnevilyuysk,63.45,120.32,71.53,46,0,4.23,RU,1596503448
Avarua,-21.21,-159.78,73.4,64,53,8.05,CK,1596503449
Barrow,71.29,-156.79,35.6,80,90,6.93,US,1596503449
Yellowknife,62.46,-114.35,77.0,65,75,5.82,CA,1596503449
Fengzhen,40.44,113.15,73.8,44,86,4.54,CN,1596503449
Guatire,10.48,-66.54,73.0,72,7,4.59,VE,1596503449
Longyearbyen,78.22,15.64,42.8,93,90,3.36,SJ,1596503450
Anadyr,64.75,177.48,59.0,62,40,8.95,RU,1596503450
Faanui,-16.48,-151.75,78.28,76,18,10.98,PF,1596503450
Show Low,34.25,-110.03,87.8,15,1,10.29,US,1596503250
Bengkulu,-3.8,102.27,76.42,92,99,4.07,ID,1596503161
Kinkala,-4.36,14.76,69.8,88,41,6.93,CG,1596503451
Kūstī,13.16,32.66,77.76,75,100,14.79,SD,1596503183
Bougouni,11.42,-7.48,73.13,92,100,4.25,ML,1596503227
Vuktyl,63.86,57.31,48.61,92,6,7.18,RU,1596503451
Thinadhoo,0.53,72.93,82.72,77,100,11.25,MV,1596503451
Pevek,69.7,170.31,36.27,92,100,1.07,RU,1596503452
Bredasdorp,-34.53,20.04,55.4,93,92,9.17,ZA,1596503452
Tsubame,37.65,138.93,90.0,70,40,8.05,JP,1596503452
Nemuro,43.32,145.57,69.8,100,75,8.05,JP,1596503452
Tombouctou,20.0,-3.0,98.49,11,0,3.76,ML,1596503452
Labuhan,-6.88,112.21,77.07,75,62,9.13,ID,1596503453
Kyzyl-Suu,42.34,78.0,58.37,64,0,1.63,KG,1596503453
Castaños,26.78,-101.42,97.0,21,0,3.0,MX,1596503453
Erenhot,43.65,111.98,72.21,49,0,3.11,CN,1596503453
Vestmannaeyjar,63.44,-20.27,49.42,80,100,4.34,IS,1596503321
Zhob,31.34,69.45,79.5,16,0,3.76,PK,1596503454
Vila Velha,-20.33,-40.29,66.2,88,40,3.36,BR,1596503293
Gigmoto,13.78,124.39,85.78,72,100,5.79,PH,1596503454
Warri,5.52,5.75,73.0,91,70,3.91,NG,1596503455
Kalmunai,7.42,81.82,78.24,72,94,8.37,LK,1596503455
Turukhansk,65.82,87.98,66.78,67,0,5.95,RU,1596503455
Montepuez,-13.13,39.0,60.53,93,0,5.75,MZ,1596503455
Tasiilaq,65.61,-37.64,42.8,93,97,4.7,GL,1596503456
Vila do Maio,15.13,-23.22,80.6,78,20,8.05,CV,1596503456
Xuanwu,32.07,118.81,84.2,79,75,8.95,CN,1596503456
Adrar,20.5,-10.07,94.48,34,24,20.24,MR,1596503457
Kruisfontein,-34.0,24.73,53.01,87,38,10.27,ZA,1596503457
Mackay,-21.15,149.2,73.0,77,1,8.05,AU,1596503390
Whitehorse,60.72,-135.05,66.99,34,75,13.87,CA,1596503457
Haines Junction,60.75,-137.51,62.38,41,0,6.87,CA,1596503458
Lorengau,-2.02,147.27,85.51,75,31,10.65,PG,1596503267
Olafsvik,64.89,-23.71,49.15,86,99,3.58,IS,1596503352
Thompson,55.74,-97.86,78.8,41,20,6.93,CA,1596503458
São João da Barra,-21.64,-41.05,68.4,71,0,7.87,BR,1596503311
Channel-Port aux Basques,47.57,-59.14,66.04,92,72,15.73,CA,1596503459
Merauke,-8.47,140.33,80.31,71,89,12.06,ID,1596503459
Anchorage,61.22,-149.9,69.8,40,1,14.99,US,1596503374
Kudahuvadhoo,2.67,72.89,82.85,75,8,10.69,MV,1596503459
Kedrovyy,56.17,91.82,64.4,88,36,4.47,RU,1596503459
Clyde River,70.47,-68.59,42.8,100,90,5.82,CA,1596503276
Ribeira Grande,38.52,-28.7,73.24,89,7,14.9,PT,1596503460
Praia da Vitória,38.73,-27.07,75.2,78,40,15.75,PT,1596503460
Dolinsk,47.35,142.8,59.0,93,75,13.42,RU,1596503460
Saint George,37.1,-113.58,104.0,8,1,13.87,US,1596503460
Isangel,-19.55,169.27,77.0,53,75,9.17,VU,1596503241
Arraial do Cabo,-22.97,-42.03,69.26,70,1,8.12,BR,1596503461
Krasnogorsk,55.82,37.32,59.0,71,28,2.24,RU,1596503461
Nānākuli,21.39,-158.15,89.6,40,40,9.17,US,1596503461
Asău,46.43,26.4,55.0,92,0,3.53,RO,1596503462
Gandai,21.67,81.1,80.1,78,80,7.2,IN,1596503462
Urk,52.66,5.6,60.01,87,8,5.21,NL,1596503462
Bathsheba,13.22,-59.52,82.4,78,20,8.05,BB,1596503462
Taltal,-25.4,-70.48,56.23,75,0,5.03,CL,1596503463
Longonjo,-12.91,15.25,49.86,44,0,1.9,AO,1596503463
Marck,50.95,1.94,57.99,92,2,1.01,FR,1596503463
Muroto-misakicho,33.28,134.15,86.0,70,40,8.05,JP,1596503463
Yellāpur,14.97,74.72,71.15,96,100,11.3,IN,1596503463
Port Macquarie,-31.43,152.92,66.0,61,0,5.35,AU,1596503464
Youkounkoun,12.53,-13.13,73.8,96,100,6.58,GN,1596503464
Batemans Bay,-35.72,150.18,63.0,66,5,11.01,AU,1596503464
Auki,-8.77,160.7,85.93,66,51,2.93,SB,1596503464
Chara,56.91,118.26,58.21,88,100,3.62,RU,1596503464
Puerto Escondido,15.85,-97.07,87.8,74,75,8.05,MX,1596503465
Upernavik,72.79,-56.15,43.54,91,100,7.02,GL,1596503465
Mahébourg,-20.41,57.7,68.0,72,75,18.34,MU,1596503466
Samarai,-10.62,150.67,78.1,86,100,13.67,PG,1596503466
Tateyama,34.98,139.87,87.01,79,40,8.05,JP,1596503195
Forestville,38.85,-76.88,73.0,100,90,5.82,US,1596503196
Ambilobe,-13.2,49.05,64.6,75,0,5.17,MG,1596503466
Lavrentiya,65.58,-171.0,47.44,73,100,4.12,RU,1596503467
Ciudad del Carmen,18.63,-91.83,86.0,79,75,16.11,MX,1596503189
Vao,-22.67,167.48,69.03,63,97,7.02,NC,1596503467
Safaga,26.73,33.94,91.4,24,0,12.75,EG,1596503467
São Félix do Xingu,-6.64,-51.99,75.79,52,11,1.34,BR,1596503468
Bilibino,68.05,166.44,48.7,78,100,1.77,RU,1596503468
Sinnamary,5.38,-52.95,78.39,81,39,7.65,GF,1596503468
Bouca,6.51,18.27,70.2,95,100,0.96,CF,1596503468
Madera,37.17,-119.83,98.01,14,0,1.01,US,1596503468
Aras,42.56,-2.36,60.8,72,25,3.36,ES,1596503469
Talnakh,69.49,88.4,64.4,72,97,15.66,RU,1596503469
Inírida,3.87,-67.92,73.65,94,100,2.06,CO,1596503469
Agirish,61.92,63.02,57.25,69,100,2.06,RU,1596503470
Lope de Vega,12.3,124.62,84.92,73,100,3.94,PH,1596503470
San Quintín,30.48,-115.95,71.11,72,1,8.28,MX,1596503470
Leningradskiy,69.38,178.42,41.95,80,100,13.69,RU,1596503470
Tezu,27.92,96.17,87.6,56,0,1.07,IN,1596503471
Abu Dhabi,24.47,54.37,91.4,79,0,2.24,AE,1596503471
Tuktoyaktuk,69.45,-133.04,55.4,87,40,8.05,CA,1596503471
Rudraprayāg,30.28,78.98,74.66,75,33,2.39,IN,1596503471
Nome,64.5,-165.41,59.0,71,1,8.05,US,1596503422
Jalu,29.03,21.55,78.85,56,0,8.68,LY,1596503472
Fukuechō,32.69,128.84,84.2,83,75,8.05,JP,1596503306
Itacoatiara,-3.14,-58.44,80.29,56,35,0.98,BR,1596503472
Saldanha,-33.01,17.94,55.4,87,100,1.12,ZA,1596503472
Hay River,60.82,-115.8,78.8,57,75,12.75,CA,1596503409
Chui,-33.7,-53.46,57.52,90,0,7.07,UY,1596503473
Santa Cruz de La Palma,28.68,-17.76,71.6,73,17,13.87,ES,1596503473
Klaksvík,62.23,-6.59,48.2,93,77,8.05,FO,1596503296
Souillac,-20.52,57.52,68.0,72,75,18.34,MU,1596503279
São Filipe,14.9,-24.5,77.13,84,36,10.11,CV,1596503292
Olden,61.84,6.81,53.01,78,100,5.93,NO,1596503474
Evensk,61.95,159.23,64.31,41,10,11.18,RU,1596503474
Mahanje,-9.93,35.33,57.11,87,22,1.36,TZ,1596503475
Wajima,37.4,136.9,84.2,66,40,19.46,JP,1596503475
New Norfolk,-42.78,147.06,39.99,68,100,1.99,AU,1596503475
Iquique,-20.22,-70.14,60.8,63,90,4.7,CL,1596503475
Seddon,-37.81,144.89,46.99,70,20,18.34,AU,1596503476
Cortez,37.35,-108.59,91.4,15,1,8.05,US,1596503476
Sarangani,5.4,125.46,80.92,80,100,3.83,PH,1596503476
Nioki,-2.72,17.68,74.39,74,0,2.24,CD,1596503476
Matara,5.95,80.54,78.73,86,100,13.67,LK,1596503476
Kohlu,29.9,69.25,79.59,59,0,1.52,PK,1596503477
Smithers,54.78,-127.17,66.2,52,75,5.82,CA,1596503477
Ust'-Omchug,61.15,149.63,61.16,46,77,5.28,RU,1596503477
Comodoro Rivadavia,-45.87,-67.5,51.8,57,0,10.29,AR,1596503478
Pullman,46.73,-117.18,82.0,26,1,9.17,US,1596503219
Grindavik,63.84,-22.43,44.6,100,90,3.36,IS,1596503478
Itupiranga,-5.13,-49.33,75.2,78,36,0.18,BR,1596503479
Nanortalik,60.14,-45.24,44.06,94,100,4.09,GL,1596503479
Bilma,18.69,12.92,90.45,46,28,16.73,NE,1596503479
Morondava,-20.28,44.28,64.67,73,0,7.94,MG,1596503479
Pacifica,37.61,-122.49,70.0,60,20,35.57,US,1596503186
Marawi,8.0,124.29,82.99,80,100,1.3,PH,1596503480
Shahrud,36.42,54.98,66.87,60,66,11.5,IR,1596503480
Boguchany,58.38,97.45,67.23,65,45,3.58,RU,1596503480
Aksarka,66.56,67.8,56.95,77,100,10.76,RU,1596503364
San Luis,-33.3,-66.34,64.31,55,100,4.7,AR,1596503387
Coos Bay,43.37,-124.22,78.01,77,1,14.99,US,1596503308
Bambous Virieux,-20.34,57.76,68.0,72,75,18.34,MU,1596503481
Norman Wells,65.28,-126.83,69.8,68,75,8.05,CA,1596503481
Le Port,-20.94,55.29,68.0,63,19,18.34,RE,1596503482
Nara,34.69,135.8,90.0,58,75,4.7,JP,1596503482
Baijiantan,45.63,85.18,83.55,27,100,9.26,CN,1596503482
Helong,42.54,129.0,79.3,59,100,4.29,CN,1596503483
Tautira,-17.73,-149.15,82.4,65,75,9.17,PF,1596503483
Provideniya,64.38,-173.3,50.0,71,40,15.66,RU,1596503483
Ixtapa,20.7,-105.2,84.99,79,75,3.27,MX,1596503484
Newberg,45.3,-122.97,84.99,35,1,3.2,US,1596503484
Cobija,-11.03,-68.77,76.14,45,0,2.37,BO,1596503420
Karligan,14.97,122.05,84.6,76,100,5.61,PH,1596503485
Gajendragarh,15.73,75.98,73.36,83,82,24.09,IN,1596503485
Chardara,41.25,67.97,74.52,42,0,3.42,KZ,1596503485
Atambua,-9.11,124.89,79.81,46,68,1.77,ID,1596503485
Nhulunbuy,-12.23,136.77,82.4,48,20,12.75,AU,1596503485
Ves'yegonsk,58.66,37.26,55.02,94,30,5.5,RU,1596503486
Aguadilla,18.43,-67.15,82.0,89,0,1.43,PR,1596503259
Chak Thirty-one -Eleven Left,30.43,72.7,94.01,34,0,8.43,PK,1596503486
Portland,45.52,-122.68,84.0,37,20,8.05,US,1596503371
Santa Fe,-31.63,-60.7,73.0,48,0,7.0,AR,1596503440
Mount Gambier,-37.83,140.77,48.2,70,40,11.41,AU,1596503487
Ostrovnoy,68.05,39.51,50.68,90,100,10.09,RU,1596503487
Monroe,43.15,-77.68,70.0,100,90,8.05,US,1596503307
Fairbanks,64.84,-147.72,59.0,87,90,4.7,US,1596503403
Nyurba,63.28,118.33,69.53,53,0,5.32,RU,1596503488
Kangaatsiaq,68.31,-53.46,43.52,87,100,9.78,GL,1596503488
Torbay,47.67,-52.73,70.0,73,40,13.87,CA,1596503488
Miyako,39.64,141.95,84.42,56,100,5.57,JP,1596503489
Petropavlovsk-Kamchatskiy,53.05,158.65,68.0,49,92,13.42,RU,1596503489
Marechal Deodoro,-9.71,-35.9,73.4,88,40,3.36,BR,1596503401
Necochea,-38.55,-58.74,57.0,94,100,18.01,AR,1596503489
Osakarovka,50.56,72.57,62.85,77,0,10.02,KZ,1596503490
Ancud,-41.87,-73.82,44.01,93,73,3.36,CL,1596503310
Killybegs,54.63,-8.45,54.0,93,100,11.99,IE,1596503490
Goderich,43.75,-81.72,71.01,85,100,1.99,CA,1596503491
Natá,8.33,-80.52,79.0,70,100,4.74,PA,1596503491
Codrington,-38.27,141.97,49.12,72,60,25.12,AU,1596503491
Cairns,-16.92,145.77,77.0,61,0,11.41,AU,1596503491
Yar-Sale,66.83,70.83,57.78,78,36,12.15,RU,1596503492
Malko Tarnovo,41.98,27.53,70.0,77,40,4.7,BG,1596503492
Turaif,31.67,38.66,75.2,53,0,6.93,SA,1596503492
Palmer,42.16,-72.33,82.0,57,75,3.36,US,1596503460
Lubango,-14.92,13.49,53.49,39,0,4.12,AO,1596503493
Kalutara,6.58,79.96,80.6,94,75,11.41,LK,1596503493
Tayoltita,24.08,-105.93,79.61,68,7,1.86,MX,1596503493
Ocós,14.51,-92.19,86.0,88,75,3.36,GT,1596503493
Hong Kong,22.29,114.16,86.0,74,75,3.0,HK,1596503494
Cabo San Lucas,22.89,-109.91,91.0,46,5,11.41,MX,1596503241
Kavaratti,10.57,72.64,82.47,78,100,25.41,IN,1596503494
Kupang,-10.17,123.58,80.6,61,20,10.29,ID,1596503493
Tuatapere,-46.13,167.68,55.24,60,25,7.11,NZ,1596503495
Kano,12.0,8.52,71.6,94,40,6.93,NG,1596503495
Dargaville,-35.93,173.88,60.98,68,38,4.07,NZ,1596503495
Tahlequah,35.92,-94.97,78.01,53,1,4.7,US,1596503262
Amoy,24.48,118.08,84.2,79,40,4.47,CN,1596503495
Coquimbo,-29.95,-71.34,51.8,93,20,3.36,CL,1596503496
Touros,-5.2,-35.46,73.4,78,20,6.93,BR,1596503496
Narsaq,60.92,-46.05,48.2,81,100,2.24,GL,1596503301
Ormara,25.21,64.64,84.04,84,78,15.97,PK,1596503496
Krasnovishersk,60.41,57.08,52.43,81,100,1.63,RU,1596503497
Manggar,-2.88,108.27,82.72,78,55,9.31,ID,1596503497
Kununurra,-15.77,128.73,75.2,33,7,4.7,AU,1596503316
San Miguel,13.48,-88.18,79.11,91,100,2.51,SV,1596503497
Ivanovka,42.89,75.08,64.4,63,24,6.71,KG,1596503498
Carlisle,40.2,-77.19,71.01,91,100,6.76,US,1596503293
Fort-Shevchenko,44.51,50.26,74.35,56,0,13.6,KZ,1596503498
Bykovo,55.64,38.08,59.0,93,36,2.24,RU,1596503499
Nuevo Progreso,23.17,-97.95,84.0,63,0,1.99,MX,1596503499
Flinders,-34.58,150.86,64.99,52,41,10.0,AU,1596503499
Kaeo,-35.1,173.78,64.0,3,25,1.01,NZ,1596503499
Fort Nelson,58.81,-122.7,66.2,63,40,5.82,CA,1596503345
Little Current,45.98,-81.92,59.0,93,90,9.17,CA,1596503500
Egvekinot,66.32,-179.17,50.74,62,91,5.57,RU,1596503375
Chokurdakh,70.63,147.92,52.2,63,68,5.61,RU,1596503274
Shimoda,34.67,138.95,84.2,79,40,8.05,JP,1596503501
Urengoy,65.97,78.37,69.69,80,100,5.68,RU,1596503501
Kunming,25.04,102.72,70.0,100,90,6.71,CN,1596503501
Iqaluit,63.75,-68.51,64.4,63,75,11.41,CA,1596503502
Ahipara,-35.17,173.17,62.29,63,0,3.53,NZ,1596503229
Lagoa,39.05,-27.98,73.22,88,0,14.14,PT,1596503285
Te Anau,-45.42,167.72,50.79,70,96,7.67,NZ,1596503502
Novikovo,51.15,37.89,56.46,74,43,3.29,RU,1596503502
Kashkhatau,43.32,43.61,64.4,63,1,4.47,RU,1596503503
Nefteyugansk,61.1,72.6,71.6,78,1,11.18,RU,1596503503
Goma,-1.68,29.22,63.73,54,9,1.57,CD,1596503503
Macenta,8.54,-9.47,68.83,97,100,4.54,GN,1596503503
Sørland,67.67,12.69,55.96,90,100,21.36,NO,1596503504
Alofi,-19.06,-169.92,80.6,83,75,11.41,NU,1596503504
Katsuura,35.13,140.3,86.0,74,20,11.41,JP,1596503504
Antofagasta,-23.65,-70.4,57.2,82,90,10.29,CL,1596503447
Katobu,-4.94,122.53,80.67,69,87,5.12,ID,1596503505
Vila Franca do Campo,37.72,-25.43,71.6,78,75,4.7,PT,1596503505
Bambanglipuro,-7.95,110.28,77.05,77,96,7.4,ID,1596503505
Baracoa,20.35,-74.5,81.28,82,100,4.05,CU,1596503506
Saurimo,-9.66,20.39,60.75,35,13,5.48,AO,1596503506
Monrovia,6.3,-10.8,75.06,77,99,6.96,LR,1596503366
Buala,-8.14,159.59,85.8,69,26,9.04,SB,1596503507
Quepos,9.42,-84.17,71.6,88,75,3.36,CR,1596503507
Meulaboh,4.14,96.13,77.72,80,100,3.38,ID,1596503507
Vanavara,60.34,102.28,63.0,63,100,5.35,RU,1596503508
Maraã,-1.83,-65.37,76.24,67,1,1.23,BR,1596503508
Nuevo Ideal,24.89,-105.07,71.6,42,0,10.47,MX,1596503508
Reigate,51.24,-0.21,54.0,86,100,0.76,GB,1596503508
Verkhoyansk,67.54,133.38,59.85,50,1,8.52,RU,1596503509
Lotofaga,-13.98,-171.86,77.0,100,0,4.0,WS,1596503509
Mount Isa,-20.73,139.5,78.8,21,0,4.7,AU,1596503509
Aklavik,68.22,-135.01,75.2,53,40,2.24,CA,1596503283
Sitka,57.05,-135.33,59.0,82,90,8.05,US,1596503457
Mopti,14.67,-4.0,75.2,94,75,6.93,ML,1596503510
Mnogovershinnyy,53.94,139.92,55.31,71,100,7.96,RU,1596503510
Kulhudhuffushi,6.62,73.07,82.18,80,100,18.99,MV,1596503510
Nioro,13.35,-15.75,76.53,91,100,7.34,GM,1596503510
Saint Anthony,45.02,-93.22,69.8,45,1,4.7,US,1596503233
Imbituba,-28.24,-48.67,64.4,93,0,10.29,BR,1596503511
Ankazobe,-18.32,47.12,51.8,81,75,11.41,MG,1596503511
Guerrero Negro,27.98,-114.06,76.96,62,0,14.67,MX,1596503511
Marzuq,14.4,46.47,75.7,55,100,13.56,YE,1596503512
Bubaque,11.28,-15.83,80.04,83,100,21.61,GW,1596503512
Konëvo,62.12,39.32,49.28,97,96,4.14,RU,1596503512
Honiara,-9.43,159.95,89.6,62,20,11.41,SB,1596503512
Departamento de Maldonado,-34.67,-54.92,64.0,93,0,5.82,UY,1596503513
Madisonville,37.33,-87.5,71.6,88,1,6.04,US,1596503513
Srednekolymsk,67.45,153.68,59.47,47,46,8.52,RU,1596503513
Yulara,-25.24,130.99,64.4,15,92,3.36,AU,1596503277
Emerald,-23.53,148.17,70.0,64,40,6.93,AU,1596503463
Khandyga,62.67,135.6,75.92,30,61,5.08,RU,1596503514
Bud,39.45,-86.18,70.0,94,40,3.44,US,1596503514
Dubai,25.26,55.3,93.2,67,0,3.36,AE,1596503362
Port Blair,11.67,92.75,83.12,79,100,26.89,IN,1596503332
Xining,36.62,101.77,58.82,82,100,1.45,CN,1596503515
Riyadh,24.69,46.72,87.8,27,0,3.6,SA,1596503226
Rabo de Peixe,37.8,-25.58,71.6,78,75,4.7,PT,1596503515
Constitución,-35.33,-72.42,52.3,80,0,5.28,CL,1596503515
Talcahuano,-36.72,-73.12,53.6,93,90,4.7,CL,1596503516
Luanda,-8.84,13.23,69.8,94,75,2.24,AO,1596503516
Nur-Sultan,51.18,71.45,62.6,77,0,11.18,KZ,1596503347
Champerico,14.3,-91.92,86.0,79,90,9.17,GT,1596503516
Hirara,24.8,125.28,87.8,79,75,14.99,JP,1596503517
Assiut,27.18,31.18,84.2,28,29,4.03,EG,1596503517
Mandalgovi,45.76,106.27,61.75,66,8,6.98,MN,1596503237
Havelock,34.88,-76.9,81.0,88,90,11.41,US,1596503513
Mahibadhoo,3.78,72.97,82.58,76,99,12.03,MV,1596503517
Paamiut,61.99,-49.67,44.47,89,37,9.46,GL,1596503314
Nang Rong,14.64,102.79,77.0,94,75,3.36,TH,1596503518
Plettenberg Bay,-34.05,23.37,58.46,79,58,10.74,ZA,1596503518
Jiuquan,39.74,98.52,78.53,32,100,7.9,CN,1596503518
Bandarbeyla,9.49,50.81,80.37,56,0,21.92,SO,1596503518
Huanren,41.26,125.37,79.0,77,43,7.34,CN,1596503519
Dukat,62.55,155.55,57.7,45,88,10.22,RU,1596503519
Vostok,46.49,135.88,75.97,72,69,1.68,RU,1596503519
Sept-Îles,50.2,-66.38,66.99,100,90,12.66,CA,1596503357
Manokwari,-0.87,134.08,81.72,78,49,3.31,ID,1596503520
Chabahar,25.29,60.64,83.48,83,0,3.85,IR,1596503520
Alhama de Murcia,37.85,-1.43,79.0,84,100,5.01,ES,1596503520
Punta Gorda,26.93,-82.05,86.0,70,1,4.7,US,1596503222
Dhidhdhoo,6.88,73.1,82.36,80,100,19.84,MV,1596503521
Tazovsky,67.47,78.7,61.43,92,100,8.41,RU,1596503521
Kuusamo,65.97,29.18,48.2,100,15,3.36,FI,1596503521
Manakara,-22.13,48.02,62.19,79,17,1.72,MG,1596503522
Prabumulih,-3.45,104.25,78.33,88,53,4.65,ID,1596503522
Kidodi,-7.6,37.0,67.3,85,44,0.83,TZ,1596503522
Lismore,-28.81,153.28,70.0,68,0,8.05,AU,1596503522
Kahului,20.89,-156.47,89.6,46,40,24.16,US,1596503523
São Gabriel da Cachoeira,-0.13,-67.09,76.86,75,43,1.16,BR,1596503523
La Palma,33.85,-118.05,75.99,73,1,10.29,US,1596503523
Kuito,-12.38,16.93,49.93,47,0,4.7,AO,1596503519
Slavutych,51.52,30.73,57.54,80,0,6.89,UA,1596503524
Vila,42.03,-8.16,64.4,82,41,8.05,PT,1596503524
Ucluelet,48.93,-125.55,70.0,93,40,3.36,CA,1596503403
Bilecik Province,40.0,30.17,60.8,77,0,3.36,TR,1596503524
Ternate,0.8,127.4,81.5,77,65,6.76,ID,1596503525
Karratha,-20.74,116.85,66.18,50,98,13.78,AU,1596503525
Tawao,4.25,117.89,78.8,94,20,1.12,MY,1596503525
Adré,13.47,22.2,69.37,95,99,5.73,TD,1596503525
Ontario,34.06,-117.65,91.0,31,20,11.41,US,1596503526
Cockburn Town,21.46,-71.14,82.58,82,0,15.93,TC,1596503392
Arkhangelsk,64.54,40.54,51.8,100,40,4.47,RU,1596503510
Korla,41.76,86.15,83.97,23,0,10.98,CN,1596503527
Manga,11.66,-1.07,72.39,93,100,8.32,BF,1596503527
Sakaiminato,35.55,133.23,84.2,74,75,4.7,JP,1596503528
Cururupu,-1.83,-44.87,74.48,90,0,2.19,BR,1596503528
Gwanda,-20.93,29.0,49.95,75,0,4.03,ZW,1596503528
La Santisima Trinidad,-14.83,-64.9,77.11,43,0,1.9,BO,1596503528
Lengshuijiang,27.69,111.43,87.62,62,0,0.69,CN,1596503529
Ballina,-28.87,153.57,70.0,63,40,3.36,AU,1596503529
Yatou,37.15,122.38,77.74,92,94,6.51,CN,1596503529
Voh,-20.97,164.7,75.22,48,2,5.01,NC,1596503530
Arman',59.7,150.17,66.92,50,29,3.38,RU,1596503530
Walvis Bay,-22.96,14.51,55.0,91,0,1.99,NA,1596503530
Paducah,37.08,-88.6,71.6,83,1,7.92,US,1596503530
Divnomorskoye,44.5,38.14,68.56,55,0,12.17,RU,1596503531
Kitale,1.02,35.01,56.28,92,100,0.78,KE,1596503531
Maragogi,-9.01,-35.22,73.49,79,5,12.26,BR,1596503531
Tehachapi,35.13,-118.45,87.01,14,1,23.04,US,1596503532
Buarcos,40.17,-8.88,64.4,88,90,13.87,PT,1596503532
Moree,-29.47,149.85,66.2,42,0,6.93,AU,1596503532
Mayor Pablo Lagerenza,-19.93,-60.77,76.55,36,0,7.0,PY,1596503532
Nālūt,30.33,10.85,84.43,14,0,11.32,LY,1596503533
Abu Samrah,35.3,37.18,72.77,71,0,8.25,SY,1596503533
Ţuţora,47.13,27.78,69.8,52,0,8.05,RO,1596503533
Villa Carlos Paz,-31.42,-64.5,72.0,55,0,8.05,AR,1596503533
Nuuk,64.18,-51.72,42.8,93,100,5.82,GL,1596503533
Soe,-9.86,124.28,74.62,53,45,3.22,ID,1596503534
Edmundston,47.37,-68.33,66.99,93,75,8.05,CA,1596503534
Kovačica,45.11,20.62,80.6,50,80,12.75,RS,1596503534
Padang,-0.95,100.35,77.23,85,100,1.45,ID,1596503263
Mae Hong Son,19.3,97.97,77.0,94,40,1.79,TH,1596503408
Rādhanpur,23.83,71.6,85.8,78,52,6.55,IN,1596503535
Beringovskiy,63.05,179.32,50.85,71,100,6.26,RU,1596503535
Richards Bay,-28.78,32.04,62.76,57,0,11.18,ZA,1596503536
Nsanje,-16.92,35.26,61.77,94,3,1.57,MW,1596503245
Olinda,-8.01,-34.86,77.0,73,40,18.34,BR,1596503536
Gimli,50.63,-96.99,75.99,81,0,1.25,CA,1596503536
Berdigestyakh,62.1,126.7,76.14,43,1,2.13,RU,1596503537
Tuim,54.34,89.93,60.98,85,4,4.14,RU,1596503537
Pervoye Maya,56.16,44.72,61.0,100,0,2.84,RU,1596503537
Springfield,37.22,-93.3,72.0,63,0,5.01,US,1596503274
Rāikot,30.65,75.6,84.54,72,81,8.34,IN,1596503538
Kutum,14.2,24.67,68.4,86,0,11.3,SD,1596503538
Hualmay,-11.1,-77.61,58.32,82,8,4.16,PE,1596503538
Ippy,6.27,21.22,66.74,98,22,2.1,CF,1596503539
Kalmar,56.66,16.36,59.0,87,19,6.93,SE,1596503539
Muş Province,39.0,41.75,60.69,48,0,5.3,TR,1596503358
Smirnykh,49.75,142.83,52.3,95,100,5.99,RU,1596503539
Gallup,35.53,-108.74,93.2,9,1,17.22,US,1596503302
Banjarmasin,-3.32,114.59,77.0,94,40,5.82,ID,1596503391
Pangnirtung,66.15,-65.71,51.93,74,2,2.04,CA,1596503392
Menzel Salem,35.86,8.48,75.2,53,40,13.87,TN,1596503540
Huazhou,21.63,110.58,78.49,89,100,4.45,CN,1596503541
Rafaela,-31.25,-61.49,71.01,40,0,4.0,AR,1596503541
Mairana,-18.12,-63.93,51.12,87,0,1.92,BO,1596503541
Tuburan,6.64,122.27,82.4,83,75,2.24,PH,1596503541
Santa Cruz de la Sierra,-17.8,-63.17,68.0,77,40,2.24,BO,1596503501
Kodinsk,58.69,99.18,64.11,81,99,4.7,RU,1596503542
Carlsbad,33.16,-117.35,80.01,73,1,9.17,US,1596503542
Plainview,40.78,-73.47,82.0,80,100,1.01,US,1596503542
Sibolga,1.74,98.78,77.02,84,100,2.75,ID,1596503543
Alice Springs,-23.7,133.88,75.0,18,0,5.82,AU,1596503543
Colares,38.8,-9.45,66.0,97,41,23.91,PT,1596503543
Ryzdvyany,45.27,41.84,62.6,55,0,4.47,RU,1596503543
Denpasar,-8.65,115.22,78.8,94,20,17.22,ID,1596503531
Vista Hermosa,19.52,-99.22,64.4,68,90,9.17,MX,1596503544
Makat,47.65,53.35,63.34,74,100,16.93,KZ,1596503544
Laguna,38.42,-121.42,96.8,22,1,8.05,US,1596503544
Abhā,18.22,42.51,66.2,88,85,4.7,SA,1596503544
Kuandian,40.73,124.78,75.81,89,92,7.7,CN,1596503545
Llangefni,53.26,-4.31,57.99,87,100,11.41,GB,1596503545
Bobrovskiy,56.67,60.98,62.6,93,40,11.18,RU,1596503545
Kashgar,39.45,75.98,75.2,29,0,13.42,CN,1596503546
Tyrma,50.08,132.17,56.01,94,100,6.2,RU,1596503546
Benjamin Constant,-4.38,-70.03,77.0,100,53,2.42,BR,1596503546
Gambēla,8.25,34.58,70.34,88,100,2.33,ET,1596503546
Dublin,37.7,-121.94,84.99,35,1,14.99,US,1596503546
Suntar,62.14,117.63,69.67,50,100,6.38,RU,1596503547
Armidale,-30.52,151.65,55.0,37,0,8.01,AU,1596503547
La Belleza,5.86,-73.96,52.65,100,63,4.32,CO,1596503547
Bithūr,26.63,80.28,84.2,89,75,5.97,IN,1596503548
Valdivia,-39.81,-73.25,41.0,100,40,1.07,CL,1596503548
Okhotsk,59.38,143.3,66.9,59,1,3.13,RU,1596503548
Soma,39.19,27.61,71.6,82,0,6.6,TR,1596503548
Mossamedes,-15.2,12.15,63.54,86,0,4.23,AO,1596503548
Icod de los Vinos,28.37,-16.71,73.0,93,90,19.46,ES,1596503549
Svetlaya,46.54,138.33,67.26,80,100,12.08,RU,1596503549
Rocha,-34.48,-54.33,56.23,94,0,6.6,UY,1596503549
Along,28.17,94.77,82.08,69,9,1.36,IN,1596503549
Zhezkazgan,47.8,67.71,71.11,53,0,12.06,KZ,1596503380
Mayumba,-3.43,10.66,70.68,86,15,7.85,GA,1596503550
Caravelas,-17.71,-39.25,69.28,70,0,7.7,BR,1596503550
Kovūr,14.48,79.98,82.99,65,99,6.8,IN,1596503550
Tabligbo,6.58,1.5,75.2,83,20,13.87,TG,1596503551
Gizo Government Station,-8.1,156.84,84.24,73,65,6.6,SB,1596503551
Calvinia,-31.47,19.78,45.82,89,0,5.03,ZA,1596503551
Port Hardy,50.7,-127.42,66.2,63,40,11.41,CA,1596503551
Mana,5.66,-53.78,78.12,83,0,8.43,GF,1596503551
Sarāhan,31.52,77.8,62.4,67,0,2.46,IN,1596503552
Pinhão,-25.7,-51.66,50.83,70,0,2.98,BR,1596503552
Ilebo,-4.32,20.58,70.75,56,0,1.74,CD,1596503552
Fougamou,-1.22,10.58,70.97,80,89,2.71,GA,1596503552
Naze,28.37,129.48,87.8,79,20,11.41,JP,1596503553
La Ronge,55.1,-105.28,78.8,47,5,14.99,CA,1596503553
Road Town,18.42,-64.62,84.0,87,14,15.01,VG,1596503353
Qui Nhon,13.77,109.23,83.8,67,100,2.8,VN,1596503399
San Andrés,12.58,-81.7,84.2,79,75,5.82,CO,1596503403
Alyangula,-13.85,136.42,75.2,83,40,4.7,AU,1596503554
Batagay-Alyta,67.8,130.41,54.7,66,80,4.63,RU,1596503554
Tsévié,6.43,1.21,75.2,83,20,13.87,TG,1596503554
Broome,42.25,-75.83,75.99,57,1,5.82,US,1596503554
Brae,60.4,-1.35,51.8,100,98,14.99,GB,1596503554
Yerbogachën,61.28,108.01,67.33,57,100,9.95,RU,1596503555
Kualakapuas,-3.01,114.39,77.0,94,40,5.82,ID,1596503555
Mangan,27.52,88.53,84.22,44,4,1.03,IN,1596503555
Dabou,5.33,-4.38,75.2,88,20,5.82,CI,1596503555
Am Timan,11.03,20.28,72.43,94,100,3.67,TD,1596503555
Tuskegee,32.42,-85.69,84.0,100,20,1.01,US,1596503556
Dickinson,29.46,-95.05,89.01,58,1,6.93,US,1596503556
São Miguel do Araguaia,-13.28,-50.16,72.59,40,4,6.29,BR,1596503556
Chapais,49.78,-74.85,64.4,68,40,3.36,CA,1596503556
Gravdal,68.12,13.5,56.91,91,100,19.01,NO,1596503395
Menongue,-14.66,17.69,46.94,52,0,3.67,AO,1596503557
Kautokeino,69.01,23.04,54.72,59,86,5.17,NO,1596503557
Vardø,70.37,31.11,50.14,89,98,3.6,NO,1596503557
Willmar,45.12,-95.04,71.6,49,1,11.41,US,1596503558
Comarapa,-17.9,-64.48,52.27,86,0,1.95,BO,1596503558
Vinh,18.67,105.67,80.64,85,100,2.62,VN,1596503406
Eydhafushi,5.1,73.07,82.24,79,100,15.7,MV,1596503558
Salalah,17.02,54.09,82.4,83,99,3.36,OM,1596503558
Bundaberg,-24.85,152.35,69.8,49,75,0.76,AU,1596503559
Isla Mujeres,21.23,-86.73,84.2,79,75,3.36,MX,1596503559
Najrān,17.49,44.13,80.6,61,40,11.41,SA,1596503530
Husavik,66.04,-17.34,50.0,87,90,5.82,IS,1596503559
Umluj,25.02,37.27,84.18,48,0,5.37,SA,1596503559
Muros,42.78,-9.06,66.0,84,30,7.18,ES,1596503560
At-Bashi,41.17,75.81,56.08,50,0,0.47,KG,1596503560
Manaus,-3.1,-60.02,82.4,69,19,3.36,BR,1596503560
Natitingou,10.3,1.38,73.4,94,40,6.93,BJ,1596503560
Batesville,35.77,-91.64,80.6,57,1,4.7,US,1596503340
